Upload Video,Output,flag,username,timestamp
"{""video"": ""flagged\\Upload Video\\de925b10116718b41321\\V_19.mp4"", ""subtitles"": null}",Internal Server Error,,,2024-04-14 01:00:45.861600
"{""video"": ""flagged\\Upload Video\\945e58ac2c79a83b5eb8\\V_19.mp4"", ""subtitles"": null}",Internal Server Error,,,2024-04-14 01:20:38.305999
"{""video"": ""flagged\\Upload Video\\5012b042c4b6467804f0\\V_19.mp4"", ""subtitles"": null}",Internal Server Error,,,2024-04-14 01:21:01.629340
"{""video"": ""flagged\\Upload Video\\8307e83dbeb77c4aa5a7\\V_19.mp4"", ""subtitles"": null}",Internal Server Error,,,2024-04-14 01:33:43.518854
"{""video"": ""flagged\\Upload Video\\97cdf5dd9aa0390f251c\\V_19.mp4"", ""subtitles"": null}",Internal Server Error,,,2024-04-14 01:33:51.863005
"{""video"": ""flagged\\Upload Video\\8cdef17185a9cffcb1f3\\V_19.mp4"", ""subtitles"": null}",Internal Server Error,,,2024-04-14 01:34:24.981716
"{""video"": ""flagged\\Upload Video\\1ab2f3d43328de3e8530\\V_19.mp4"", ""subtitles"": null}",Internal Server Error,,,2024-04-14 01:34:27.344832
"{""video"": ""flagged\\Upload Video\\61c81d5f0520012ab9f2\\V_19.mp4"", ""subtitles"": null}",Internal Server Error,,,2024-04-14 01:37:49.303555
"{""video"": ""flagged\\Upload Video\\597bb59836c99c466da1\\V_19.mp4"", ""subtitles"": null}",{'message': 'File Required'},,,2024-04-14 16:01:01.834416
"{""video"": ""flagged\\Upload Video\\8136fe6a7b6b8f1702d1\\V_19.mp4"", ""subtitles"": null}",{'message': 'File Required'},,,2024-04-14 16:01:05.984378
"{""video"": ""flagged\\Upload Video\\e8e0f3041aa58d1059ce\\V_19.mp4"", ""subtitles"": null}",{'message': 'File Required'},,,2024-04-14 16:01:29.500415
"{""video"": ""flagged\\Upload Video\\cc7ce7a711321704df74\\V_19.mp4"", ""subtitles"": null}",{'message': 'File Required'},,,2024-04-14 16:04:14.167297
"{""video"": ""flagged\\Upload Video\\0e0b4e1dec6c0f7baf1e\\V_19.mp4"", ""subtitles"": null}",{'message': 'File Required'},,,2024-04-14 16:04:17.789474
"{""video"": ""flagged\\Upload Video\\e90c568bdb734436eb3b\\V_19.mp4"", ""subtitles"": null}",{'message': 'File Required'},,,2024-04-14 16:06:31.760314
"{""video"": ""flagged\\Upload Video\\a7baa87848878086d143\\V_19.mp4"", ""subtitles"": null}",Internal Server Error,,,2024-04-14 16:13:51.602228
"{""video"": ""flagged\\Upload Video\\65b52e592d263e393b6c\\children.mp4"", ""subtitles"": null}",Internal Server Error,,,2024-04-14 16:18:01.855403
"{""video"": ""flagged\\Upload Video\\168a4017d459fba12c12\\children.mp4"", ""subtitles"": null}",Internal Server Error,,,2024-04-14 16:18:38.719611
"{""video"": ""flagged\\Upload Video\\45000f3961333a3788d5\\children.mp4"", ""subtitles"": null}",Internal Server Error,,,2024-04-14 17:46:57.084710
"{""video"": ""flagged\\Upload Video\\f0cdb10e74f322bbaf66\\V_19.mp4"", ""subtitles"": null}",,,,2024-04-14 18:25:50.126260
"{""video"": ""flagged\\Upload Video\\e5fc57b7852d00b78a29\\V_19.mp4"", ""subtitles"": null}",{'message': 'File Required'},,,2024-04-14 18:29:16.002910
"{""video"": ""flagged\\Upload Video\\0ab47eb20792941f1b8c\\V_19.mp4"", ""subtitles"": null}",{'message': 'File Required'},,,2024-04-14 18:29:24.834747
,,,,2024-04-14 18:43:55.284845
